<?xml version="1.0" encoding="UTF-8"?>
<objects serializationModel="Studio.02.03.00">
	<object class="EncodingSetting" id="{c2c86482-c51d-4877-a923-40e580cffcd1}">
		<property name="encodingFormat">
			<value>3</value>
		</property>
		<property name="quality">
			<value>37</value>
		</property>
		<relationship name="platform">
			<destination>{3286daa2-51f8-48d0-bc38-5da4f981dbb4}</destination>
		</relationship>
		<relationship name="encodable">
			<destination>{3286daa2-51f8-48d0-bc38-5da4f981dbb4}</destination>
		</relationship>
	</object>
</objects>
