<?xml version="1.0" encoding="UTF-8"?>
<objects serializationModel="Studio.02.03.00">
	<object class="MixerReturn" id="{10f07066-2f71-4ab9-acf9-85d5a2e66aa0}">
		<property name="overridingInputFormat">
			<value>2</value>
		</property>
		<property name="name">
			<value>Reverb</value>
		</property>
		<relationship name="effectChain">
			<destination>{689fea4b-cb25-49f0-ab5f-a9b65ef0002c}</destination>
		</relationship>
		<relationship name="panner">
			<destination>{3b5dcd29-ed91-4665-b8a6-35c262c5e40d}</destination>
		</relationship>
		<relationship name="output">
			<destination>{4580c5f2-c5e4-45d6-a9d6-46e759d9a167}</destination>
		</relationship>
	</object>
	<object class="MixerBusEffectChain" id="{689fea4b-cb25-49f0-ab5f-a9b65ef0002c}">
		<relationship name="effects">
			<destination>{2b5db117-51dc-4246-8428-bf13c363fcab}</destination>
			<destination>{d34c5b4d-d976-481d-8072-c5a65472113d}</destination>
		</relationship>
	</object>
	<object class="MixerBusPanner" id="{3b5dcd29-ed91-4665-b8a6-35c262c5e40d}" />
	<object class="SFXReverbEffect" id="{2b5db117-51dc-4246-8428-bf13c363fcab}">
		<property name="wetLevel">
			<value>0</value>
		</property>
		<property name="dryLevel">
			<value>-80</value>
		</property>
	</object>
	<object class="MixerBusFader" id="{d34c5b4d-d976-481d-8072-c5a65472113d}" />
</objects>
