<?xml version="1.0" encoding="UTF-8"?>
<objects serializationModel="Studio.02.03.00">
	<object class="AudioFile" id="{3b98572a-dc72-4fa0-bd50-692c36d353f8}">
		<property name="assetPath">
			<value>muestras/steps2.ogg</value>
		</property>
		<property name="frequencyInKHz">
			<value>48</value>
		</property>
		<property name="channelCount">
			<value>1</value>
		</property>
		<property name="length">
			<value>0.14714583333333334</value>
		</property>
		<relationship name="masterAssetFolder">
			<destination>{be9a3c1e-fefc-4fca-8261-9ea72e1cc78e}</destination>
		</relationship>
	</object>
</objects>
