<?xml version="1.0" encoding="UTF-8"?>
<objects serializationModel="Studio.02.03.00">
	<object class="AudioFile" id="{53046d7b-fadf-46d1-85de-6d4c482e3a34}">
		<property name="assetPath">
			<value>muestras/steps3.ogg</value>
		</property>
		<property name="frequencyInKHz">
			<value>48</value>
		</property>
		<property name="channelCount">
			<value>1</value>
		</property>
		<property name="length">
			<value>0.14714583333333334</value>
		</property>
		<relationship name="masterAssetFolder">
			<destination>{be9a3c1e-fefc-4fca-8261-9ea72e1cc78e}</destination>
		</relationship>
	</object>
</objects>
