<?xml version="1.0" encoding="UTF-8"?>
<objects serializationModel="Studio.02.03.00">
	<object class="AudioFile" id="{6a54d50c-0f73-434f-826a-5532597da13a}">
		<property name="assetPath">
			<value>tormenta/trueno5.ogg</value>
		</property>
		<property name="isStreaming">
			<value>true</value>
		</property>
		<property name="frequencyInKHz">
			<value>44.0999985</value>
		</property>
		<property name="channelCount">
			<value>1</value>
		</property>
		<property name="length">
			<value>12.997392290249433</value>
		</property>
		<relationship name="masterAssetFolder">
			<destination>{39e7732c-ec92-436f-80a1-530fcbd75f2a}</destination>
		</relationship>
	</object>
</objects>
