<?xml version="1.0" encoding="UTF-8"?>
<objects serializationModel="Studio.02.03.00">
	<object class="AudioFile" id="{7b13fdf5-6555-4a80-a91f-0551f0481e0d}">
		<property name="assetPath">
			<value>muestras/steps1.ogg</value>
		</property>
		<property name="frequencyInKHz">
			<value>48</value>
		</property>
		<property name="channelCount">
			<value>1</value>
		</property>
		<property name="length">
			<value>0.14714583333333334</value>
		</property>
		<relationship name="masterAssetFolder">
			<destination>{be9a3c1e-fefc-4fca-8261-9ea72e1cc78e}</destination>
		</relationship>
	</object>
</objects>
