<?xml version="1.0" encoding="UTF-8"?>
<objects serializationModel="Studio.02.03.00">
	<object class="AudioFile" id="{9a432b0c-c0ed-4dda-9a21-96fc55ef1e16}">
		<property name="assetPath">
			<value>tormenta/trueno2.ogg</value>
		</property>
		<property name="frequencyInKHz">
			<value>44.0999985</value>
		</property>
		<property name="channelCount">
			<value>1</value>
		</property>
		<property name="length">
			<value>9.241541950113378</value>
		</property>
		<relationship name="masterAssetFolder">
			<destination>{39e7732c-ec92-436f-80a1-530fcbd75f2a}</destination>
		</relationship>
	</object>
</objects>
