<?xml version="1.0" encoding="UTF-8"?>
<objects serializationModel="Studio.02.03.00">
	<object class="AudioFile" id="{9fc89b75-ed09-4a20-8e51-f23b82b9ff79}">
		<property name="assetPath">
			<value>tormenta/lluvia1.ogg</value>
		</property>
		<property name="isStreaming">
			<value>true</value>
		</property>
		<property name="frequencyInKHz">
			<value>44.0999985</value>
		</property>
		<property name="channelCount">
			<value>1</value>
		</property>
		<property name="length">
			<value>60.929160997732424</value>
		</property>
		<relationship name="masterAssetFolder">
			<destination>{39e7732c-ec92-436f-80a1-530fcbd75f2a}</destination>
		</relationship>
	</object>
</objects>
