<?xml version="1.0" encoding="UTF-8"?>
<objects serializationModel="Studio.02.03.00">
	<object class="ParameterPreset" id="{ba156287-07f9-434f-80c1-632f1e970e26}">
		<property name="name">
			<value>Volumen</value>
		</property>
		<relationship name="folder">
			<destination>{8e3d5bbc-19a4-433e-889c-4f7a2eae315f}</destination>
		</relationship>
		<relationship name="parameter">
			<destination>{17eff89e-d10d-4c0e-9c90-448a0fd1e63f}</destination>
		</relationship>
	</object>
	<object class="GameParameter" id="{17eff89e-d10d-4c0e-9c90-448a0fd1e63f}">
		<property name="initialValue">
			<value>0</value>
		</property>
	</object>
</objects>
