<?xml version="1.0" encoding="UTF-8"?>
<objects serializationModel="Studio.02.03.00">
	<object class="ParameterPreset" id="{cabef1c2-d365-46b4-baad-70d53c449b85}">
		<property name="name">
			<value>Trueno</value>
		</property>
		<relationship name="folder">
			<destination>{8e3d5bbc-19a4-433e-889c-4f7a2eae315f}</destination>
		</relationship>
		<relationship name="parameter">
			<destination>{36e058ed-ba10-4379-8b1e-a12d5bb0fa62}</destination>
		</relationship>
	</object>
	<object class="GameParameter" id="{36e058ed-ba10-4379-8b1e-a12d5bb0fa62}">
		<property name="initialValue">
			<value>0</value>
		</property>
	</object>
</objects>
