<?xml version="1.0" encoding="UTF-8"?>
<objects serializationModel="Studio.02.03.00">
	<object class="ParameterPreset" id="{d48b7c6f-7fc0-4110-b1cf-4b84a4e33435}">
		<property name="name">
			<value>Velocidad</value>
		</property>
		<relationship name="folder">
			<destination>{0e5a1ece-9c98-4884-a068-20cc0d01cdd5}</destination>
		</relationship>
		<relationship name="parameter">
			<destination>{2fbb8b3d-961a-4a18-90d4-b8f1b99a2088}</destination>
		</relationship>
	</object>
	<object class="GameParameter" id="{2fbb8b3d-961a-4a18-90d4-b8f1b99a2088}">
		<property name="parameterType">
			<value>2</value>
		</property>
		<property name="maximum">
			<value>3</value>
		</property>
		<property name="enumerationLabels">
			<value>Lento</value>
			<value>Medio</value>
			<value>Rapido</value>
		</property>
		<property name="initialValue">
			<value>0</value>
		</property>
	</object>
</objects>
