<?xml version="1.0" encoding="UTF-8"?>
<objects serializationModel="Studio.02.03.00">
	<object class="Event" id="{7d966500-2d25-4762-9274-748eea0f9811}">
		<property name="name">
			<value>lluvia</value>
		</property>
		<property name="outputFormat">
			<value>5</value>
		</property>
		<relationship name="folder">
			<destination>{6ffb82a8-4240-4ce0-a1fc-8dfd8348a1e7}</destination>
		</relationship>
		<relationship name="mixer">
			<destination>{a7efa777-940e-4777-b66d-1f66d58485f9}</destination>
		</relationship>
		<relationship name="masterTrack">
			<destination>{e7072890-c207-403b-a5ef-c0fbb14e78c3}</destination>
		</relationship>
		<relationship name="mixerInput">
			<destination>{7852ed80-cc53-49c1-a360-2fd26728bea3}</destination>
		</relationship>
		<relationship name="automatableProperties">
			<destination>{16c4924e-2822-420a-a6df-90074d6fb637}</destination>
		</relationship>
		<relationship name="markerTracks">
			<destination>{819ac8d1-afbc-4f70-8d44-a48290652a03}</destination>
		</relationship>
		<relationship name="groupTracks">
			<destination>{9ebeb6ee-6671-4449-8e5c-2fd681a7786a}</destination>
			<destination>{78ea1f8a-e10a-44f3-8bc0-d77a36b5ce06}</destination>
			<destination>{f64e4f14-cab3-4e86-8017-1bc532482137}</destination>
		</relationship>
		<relationship name="timeline">
			<destination>{8e056d88-b650-4a86-abec-36975e04921f}</destination>
		</relationship>
		<relationship name="parameters">
			<destination>{d13a8752-07b7-479c-99d5-4d11fef6cfc9}</destination>
			<destination>{410dfa5e-a461-4f4f-a6c0-d76f7276c965}</destination>
		</relationship>
	</object>
	<object class="EventMixer" id="{a7efa777-940e-4777-b66d-1f66d58485f9}">
		<relationship name="masterBus">
			<destination>{dcb78641-ba6a-4d71-89f2-536aaa8ed287}</destination>
		</relationship>
	</object>
	<object class="MasterTrack" id="{e7072890-c207-403b-a5ef-c0fbb14e78c3}">
		<relationship name="automationTracks">
			<destination>{e3271135-43eb-400a-9405-657932e95299}</destination>
			<destination>{6af78f3f-c4fc-40ac-87d0-1d8f3a2f6e95}</destination>
		</relationship>
		<relationship name="mixerGroup">
			<destination>{dcb78641-ba6a-4d71-89f2-536aaa8ed287}</destination>
		</relationship>
	</object>
	<object class="MixerInput" id="{7852ed80-cc53-49c1-a360-2fd26728bea3}">
		<relationship name="effectChain">
			<destination>{267f82f4-3570-42de-9f64-491af5bb26a6}</destination>
		</relationship>
		<relationship name="panner">
			<destination>{52926259-c82f-40cc-97e9-66b994443f38}</destination>
		</relationship>
		<relationship name="output">
			<destination>{4580c5f2-c5e4-45d6-a9d6-46e759d9a167}</destination>
		</relationship>
	</object>
	<object class="EventAutomatableProperties" id="{16c4924e-2822-420a-a6df-90074d6fb637}" />
	<object class="MarkerTrack" id="{819ac8d1-afbc-4f70-8d44-a48290652a03}" />
	<object class="GroupTrack" id="{9ebeb6ee-6671-4449-8e5c-2fd681a7786a}">
		<relationship name="automationTracks">
			<destination>{6acb3b87-6020-4cd4-8556-1c802170ac15}</destination>
		</relationship>
		<relationship name="modules">
			<destination>{d2d7e318-81dc-409e-8d6d-17e3bed37142}</destination>
		</relationship>
		<relationship name="mixerGroup">
			<destination>{f0839824-574a-4e11-87a0-d9eea98983fc}</destination>
		</relationship>
	</object>
	<object class="GroupTrack" id="{78ea1f8a-e10a-44f3-8bc0-d77a36b5ce06}">
		<relationship name="automationTracks">
			<destination>{b5f0251d-0edd-4bb2-9216-e082026d627f}</destination>
		</relationship>
		<relationship name="modules">
			<destination>{4ca321c8-7196-4f9a-859a-c37dadc3b508}</destination>
		</relationship>
		<relationship name="mixerGroup">
			<destination>{5cc18b1a-f2ae-4075-9b08-945881b2b3d4}</destination>
		</relationship>
	</object>
	<object class="GroupTrack" id="{f64e4f14-cab3-4e86-8017-1bc532482137}">
		<relationship name="automationTracks">
			<destination>{1966df12-c80e-4c86-a9a4-7710054b50d8}</destination>
		</relationship>
		<relationship name="modules">
			<destination>{7815938f-aeaa-48ba-9b03-abe0cca8c895}</destination>
		</relationship>
		<relationship name="mixerGroup">
			<destination>{1579340a-4076-4c63-aa95-c3b8b7d46b1a}</destination>
		</relationship>
	</object>
	<object class="Timeline" id="{8e056d88-b650-4a86-abec-36975e04921f}">
		<relationship name="modules">
			<destination>{7815938f-aeaa-48ba-9b03-abe0cca8c895}</destination>
			<destination>{d2d7e318-81dc-409e-8d6d-17e3bed37142}</destination>
			<destination>{4ca321c8-7196-4f9a-859a-c37dadc3b508}</destination>
		</relationship>
		<relationship name="markers">
			<destination>{cc8359a9-fea3-4659-bd51-b5c5b482d58f}</destination>
		</relationship>
	</object>
	<object class="ParameterProxy" id="{d13a8752-07b7-479c-99d5-4d11fef6cfc9}">
		<relationship name="preset">
			<destination>{46e2936b-6c1f-460e-9eb7-a73324e2c820}</destination>
		</relationship>
	</object>
	<object class="ParameterProxy" id="{410dfa5e-a461-4f4f-a6c0-d76f7276c965}">
		<relationship name="preset">
			<destination>{fe5664be-a6a2-4c57-9e8c-d6c575294580}</destination>
		</relationship>
	</object>
	<object class="EventMixerMaster" id="{dcb78641-ba6a-4d71-89f2-536aaa8ed287}">
		<relationship name="automators">
			<destination>{a6f928dc-5c91-4b1d-91f4-fff40a519b13}</destination>
		</relationship>
		<relationship name="effectChain">
			<destination>{9cd26f09-bacc-4912-9cc5-a6ac4eda0ca2}</destination>
		</relationship>
		<relationship name="panner">
			<destination>{e37477a4-41bc-42e2-bd70-36bc7c88f917}</destination>
		</relationship>
		<relationship name="mixer">
			<destination>{a7efa777-940e-4777-b66d-1f66d58485f9}</destination>
		</relationship>
	</object>
	<object class="AutomationTrack" id="{e3271135-43eb-400a-9405-657932e95299}">
		<relationship name="automator">
			<destination>{a6f928dc-5c91-4b1d-91f4-fff40a519b13}</destination>
		</relationship>
	</object>
	<object class="AutomationTrack" id="{6af78f3f-c4fc-40ac-87d0-1d8f3a2f6e95}">
		<relationship name="automator">
			<destination>{0a16bf2c-3b30-4542-b38c-d2101d64cfa8}</destination>
		</relationship>
	</object>
	<object class="MixerBusEffectChain" id="{267f82f4-3570-42de-9f64-491af5bb26a6}">
		<relationship name="effects">
			<destination>{4c824524-fb4d-4322-9574-6584365677a8}</destination>
		</relationship>
	</object>
	<object class="MixerBusPanner" id="{52926259-c82f-40cc-97e9-66b994443f38}" />
	<object class="AutomationTrack" id="{6acb3b87-6020-4cd4-8556-1c802170ac15}">
		<relationship name="automator">
			<destination>{00f45720-d9a6-44f5-9205-8bd6d0887437}</destination>
		</relationship>
	</object>
	<object class="SingleSound" id="{d2d7e318-81dc-409e-8d6d-17e3bed37142}">
		<property name="length">
			<value>60.929160997732424</value>
		</property>
		<relationship name="automators">
			<destination>{00f45720-d9a6-44f5-9205-8bd6d0887437}</destination>
		</relationship>
		<relationship name="audioFile">
			<destination>{9fc89b75-ed09-4a20-8e51-f23b82b9ff79}</destination>
		</relationship>
	</object>
	<object class="EventMixerGroup" id="{f0839824-574a-4e11-87a0-d9eea98983fc}">
		<property name="volume">
			<value>-1.5</value>
		</property>
		<property name="name">
			<value>Audio 1</value>
		</property>
		<relationship name="effectChain">
			<destination>{ff975500-8cd4-4b27-b41e-45f6afe67108}</destination>
		</relationship>
		<relationship name="panner">
			<destination>{a665c4e1-d364-41ca-9b14-2cd78bd28834}</destination>
		</relationship>
		<relationship name="output">
			<destination>{dcb78641-ba6a-4d71-89f2-536aaa8ed287}</destination>
		</relationship>
	</object>
	<object class="AutomationTrack" id="{b5f0251d-0edd-4bb2-9216-e082026d627f}">
		<relationship name="automator">
			<destination>{e370dd08-6fbe-48f9-a5bf-65ce1afe8f0b}</destination>
		</relationship>
	</object>
	<object class="SingleSound" id="{4ca321c8-7196-4f9a-859a-c37dadc3b508}">
		<property name="length">
			<value>83.093333333333334</value>
		</property>
		<relationship name="automators">
			<destination>{e370dd08-6fbe-48f9-a5bf-65ce1afe8f0b}</destination>
		</relationship>
		<relationship name="audioFile">
			<destination>{b91afe20-c129-425b-a1d1-b0c506d38b67}</destination>
		</relationship>
	</object>
	<object class="EventMixerGroup" id="{5cc18b1a-f2ae-4075-9b08-945881b2b3d4}">
		<property name="name">
			<value>Audio 3</value>
		</property>
		<relationship name="effectChain">
			<destination>{ed754d86-f358-4dbb-92e9-c5429cfa9059}</destination>
		</relationship>
		<relationship name="panner">
			<destination>{f5d29f92-3f3c-467e-ba60-da55f54e111f}</destination>
		</relationship>
		<relationship name="output">
			<destination>{dcb78641-ba6a-4d71-89f2-536aaa8ed287}</destination>
		</relationship>
	</object>
	<object class="AutomationTrack" id="{1966df12-c80e-4c86-a9a4-7710054b50d8}">
		<relationship name="automator">
			<destination>{2fdf61ac-f8de-4b59-ba4f-0530a3f8dc8b}</destination>
		</relationship>
	</object>
	<object class="SoundScatterer" id="{7815938f-aeaa-48ba-9b03-abe0cca8c895}">
		<property name="length">
			<value>60.929160997732424</value>
		</property>
		<property name="minimumTimeBetweenSounds">
			<value>3000</value>
		</property>
		<property name="maximumTimeBetweenSounds">
			<value>6000</value>
		</property>
		<relationship name="automators">
			<destination>{2fdf61ac-f8de-4b59-ba4f-0530a3f8dc8b}</destination>
		</relationship>
		<relationship name="sound">
			<destination>{f5bfde26-79f6-412c-a35f-26694e18cf80}</destination>
		</relationship>
	</object>
	<object class="EventMixerGroup" id="{1579340a-4076-4c63-aa95-c3b8b7d46b1a}">
		<property name="name">
			<value>Audio 2</value>
		</property>
		<relationship name="effectChain">
			<destination>{15d1db74-7c7f-4c90-b7b2-4295f07b6bcb}</destination>
		</relationship>
		<relationship name="panner">
			<destination>{0a00e54f-c30f-4575-928f-36560bc76db1}</destination>
		</relationship>
		<relationship name="output">
			<destination>{dcb78641-ba6a-4d71-89f2-536aaa8ed287}</destination>
		</relationship>
	</object>
	<object class="LoopRegion" id="{cc8359a9-fea3-4659-bd51-b5c5b482d58f}">
		<property name="position">
			<value>0</value>
		</property>
		<property name="length">
			<value>60.929160997732424</value>
		</property>
		<relationship name="timeline">
			<destination>{8e056d88-b650-4a86-abec-36975e04921f}</destination>
		</relationship>
		<relationship name="markerTrack">
			<destination>{819ac8d1-afbc-4f70-8d44-a48290652a03}</destination>
		</relationship>
	</object>
	<object class="Automator" id="{a6f928dc-5c91-4b1d-91f4-fff40a519b13}">
		<property name="nameOfPropertyBeingAutomated">
			<value>volume</value>
		</property>
		<relationship name="automationCurves">
			<destination>{fefa55f0-1234-4424-87ed-5844c7a6fe9c}</destination>
			<destination>{936eada1-fb2c-42f8-a692-e86f9e0412e9}</destination>
			<destination>{8cc005fb-4611-4ff0-ad08-085f116e7248}</destination>
		</relationship>
	</object>
	<object class="MixerBusEffectChain" id="{9cd26f09-bacc-4912-9cc5-a6ac4eda0ca2}">
		<relationship name="effects">
			<destination>{1b2b28b8-ed6c-4315-9359-70caeb145184}</destination>
			<destination>{0fc048a8-4b7e-4815-8632-72ad5819c7eb}</destination>
		</relationship>
	</object>
	<object class="MixerBusPanner" id="{e37477a4-41bc-42e2-bd70-36bc7c88f917}" />
	<object class="MixerBusFader" id="{4c824524-fb4d-4322-9574-6584365677a8}" />
	<object class="Automator" id="{00f45720-d9a6-44f5-9205-8bd6d0887437}">
		<property name="nameOfPropertyBeingAutomated">
			<value>volume</value>
		</property>
		<relationship name="automationCurves">
			<destination>{5517bf2b-1ad0-4e5c-980f-f5958a09979c}</destination>
		</relationship>
	</object>
	<object class="MixerBusEffectChain" id="{ff975500-8cd4-4b27-b41e-45f6afe67108}">
		<relationship name="effects">
			<destination>{d86eaf2f-133f-43e7-abbb-b697cfea6be0}</destination>
		</relationship>
	</object>
	<object class="MixerBusPanner" id="{a665c4e1-d364-41ca-9b14-2cd78bd28834}" />
	<object class="Automator" id="{e370dd08-6fbe-48f9-a5bf-65ce1afe8f0b}">
		<property name="nameOfPropertyBeingAutomated">
			<value>volume</value>
		</property>
		<relationship name="automationCurves">
			<destination>{0d3a7960-fad5-477a-b42d-e8392efa0b95}</destination>
		</relationship>
	</object>
	<object class="MixerBusEffectChain" id="{ed754d86-f358-4dbb-92e9-c5429cfa9059}">
		<relationship name="effects">
			<destination>{dc0d16a3-34fb-4570-8791-3a3da0cff85f}</destination>
		</relationship>
	</object>
	<object class="MixerBusPanner" id="{f5d29f92-3f3c-467e-ba60-da55f54e111f}" />
	<object class="Automator" id="{2fdf61ac-f8de-4b59-ba4f-0530a3f8dc8b}">
		<property name="nameOfPropertyBeingAutomated">
			<value>spawnRate</value>
		</property>
		<relationship name="automationCurves">
			<destination>{6e96a2ca-d5fc-4ac2-a328-39f165674cd6}</destination>
		</relationship>
	</object>
	<object class="MultiSound" id="{f5bfde26-79f6-412c-a35f-26694e18cf80}">
		<relationship name="sounds">
			<destination>{442940ca-7ff2-42ef-8b9f-5c6f69e00c00}</destination>
			<destination>{bf9e6aff-537c-4753-af5f-004c73000a4f}</destination>
		</relationship>
	</object>
	<object class="MixerBusEffectChain" id="{15d1db74-7c7f-4c90-b7b2-4295f07b6bcb}">
		<relationship name="effects">
			<destination>{88c2fdb7-7afa-4d1a-a76e-2924a6cdea3d}</destination>
		</relationship>
	</object>
	<object class="MixerBusPanner" id="{0a00e54f-c30f-4575-928f-36560bc76db1}" />
	<object class="AutomationCurve" id="{fefa55f0-1234-4424-87ed-5844c7a6fe9c}">
		<relationship name="parameter">
			<destination>{17eff89e-d10d-4c0e-9c90-448a0fd1e63f}</destination>
		</relationship>
		<relationship name="automationPoints">
			<destination>{c54c80b5-d5e8-4c92-907d-f84a5ed9a30e}</destination>
			<destination>{cad16b36-2c61-40b2-ba19-5c1dd103ebf0}</destination>
		</relationship>
	</object>
	<object class="AutomationCurve" id="{936eada1-fb2c-42f8-a692-e86f9e0412e9}">
		<relationship name="parameter">
			<destination>{46e2936b-6c1f-460e-9eb7-a73324e2c820}</destination>
		</relationship>
		<relationship name="automationPoints">
			<destination>{051a691c-9810-45ba-b1e5-5b57ca7e855a}</destination>
			<destination>{884efe78-f2a5-43a6-a87a-6eab8e598736}</destination>
		</relationship>
	</object>
	<object class="AutomationCurve" id="{8cc005fb-4611-4ff0-ad08-085f116e7248}">
		<relationship name="parameter">
			<destination>{fe5664be-a6a2-4c57-9e8c-d6c575294580}</destination>
		</relationship>
		<relationship name="automationPoints">
			<destination>{d452e5ca-5f0a-41ee-a791-5b7de3a342bd}</destination>
			<destination>{6fba4fc5-e9e7-44b1-a5fc-7a646e8416a1}</destination>
		</relationship>
	</object>
	<object class="MultibandEqEffect" id="{1b2b28b8-ed6c-4315-9359-70caeb145184}">
		<property name="frequencyA">
			<value>21999.9902</value>
		</property>
		<property name="qualityA">
			<value>1</value>
		</property>
		<relationship name="automators">
			<destination>{0a16bf2c-3b30-4542-b38c-d2101d64cfa8}</destination>
		</relationship>
	</object>
	<object class="MixerBusFader" id="{0fc048a8-4b7e-4815-8632-72ad5819c7eb}" />
	<object class="AutomationCurve" id="{5517bf2b-1ad0-4e5c-980f-f5958a09979c}">
		<relationship name="parameter">
			<destination>{528dc24a-5a5c-40ac-adf2-b38b4ef453d4}</destination>
		</relationship>
		<relationship name="automationPoints">
			<destination>{9bd5c73b-36af-4c0f-86c1-cf003e8fa567}</destination>
			<destination>{5375f497-1b8b-4e00-bf23-1bd55aeea77e}</destination>
		</relationship>
	</object>
	<object class="MixerBusFader" id="{d86eaf2f-133f-43e7-abbb-b697cfea6be0}" />
	<object class="AutomationCurve" id="{0d3a7960-fad5-477a-b42d-e8392efa0b95}">
		<relationship name="parameter">
			<destination>{528dc24a-5a5c-40ac-adf2-b38b4ef453d4}</destination>
		</relationship>
		<relationship name="automationPoints">
			<destination>{49fd4224-3e0a-4f94-b447-a1c98cc0e87e}</destination>
			<destination>{05e307e8-b5a7-479c-9f4d-39e7b141f31f}</destination>
		</relationship>
	</object>
	<object class="MixerBusFader" id="{dc0d16a3-34fb-4570-8791-3a3da0cff85f}" />
	<object class="AutomationCurve" id="{6e96a2ca-d5fc-4ac2-a328-39f165674cd6}">
		<relationship name="parameter">
			<destination>{36e058ed-ba10-4379-8b1e-a12d5bb0fa62}</destination>
		</relationship>
		<relationship name="automationPoints">
			<destination>{36924f6c-785a-4098-ade2-7cea1fe68eda}</destination>
			<destination>{4006cd31-2bab-4afc-bf70-fc36501807f1}</destination>
		</relationship>
	</object>
	<object class="SingleSound" id="{442940ca-7ff2-42ef-8b9f-5c6f69e00c00}">
		<relationship name="audioFile">
			<destination>{6c26f2d5-f084-4368-af50-66f7c84674db}</destination>
		</relationship>
	</object>
	<object class="SingleSound" id="{bf9e6aff-537c-4753-af5f-004c73000a4f}">
		<relationship name="audioFile">
			<destination>{9a432b0c-c0ed-4dda-9a21-96fc55ef1e16}</destination>
		</relationship>
	</object>
	<object class="MixerBusFader" id="{88c2fdb7-7afa-4d1a-a76e-2924a6cdea3d}" />
	<object class="AutomationPoint" id="{c54c80b5-d5e8-4c92-907d-f84a5ed9a30e}">
		<property name="position">
			<value>0.0014124293785310734</value>
		</property>
		<property name="value">
			<value>-80</value>
		</property>
	</object>
	<object class="AutomationPoint" id="{cad16b36-2c61-40b2-ba19-5c1dd103ebf0}">
		<property name="position">
			<value>1</value>
		</property>
		<property name="value">
			<value>0</value>
		</property>
	</object>
	<object class="AutomationPoint" id="{051a691c-9810-45ba-b1e5-5b57ca7e855a}">
		<property name="position">
			<value>0</value>
		</property>
		<property name="value">
			<value>0</value>
		</property>
	</object>
	<object class="AutomationPoint" id="{884efe78-f2a5-43a6-a87a-6eab8e598736}">
		<property name="position">
			<value>0.99711815561959649</value>
		</property>
		<property name="value">
			<value>-11</value>
		</property>
	</object>
	<object class="AutomationPoint" id="{d452e5ca-5f0a-41ee-a791-5b7de3a342bd}">
		<property name="position">
			<value>0.0048030739673390966</value>
		</property>
		<property name="value">
			<value>0</value>
		</property>
	</object>
	<object class="AutomationPoint" id="{6fba4fc5-e9e7-44b1-a5fc-7a646e8416a1}">
		<property name="position">
			<value>0.99807877041306436</value>
		</property>
		<property name="value">
			<value>0</value>
		</property>
	</object>
	<object class="Automator" id="{0a16bf2c-3b30-4542-b38c-d2101d64cfa8}">
		<property name="nameOfPropertyBeingAutomated">
			<value>frequencyA</value>
		</property>
		<relationship name="automationCurves">
			<destination>{301862f2-bde2-4222-a905-5b4ffdd57212}</destination>
			<destination>{8db3fcc0-78a2-41c2-86d0-6eb296835549}</destination>
		</relationship>
	</object>
	<object class="AutomationPoint" id="{9bd5c73b-36af-4c0f-86c1-cf003e8fa567}">
		<property name="position">
			<value>0.012711864406779662</value>
		</property>
		<property name="value">
			<value>-27</value>
		</property>
		<property name="curveShape">
			<value>-1</value>
		</property>
	</object>
	<object class="AutomationPoint" id="{5375f497-1b8b-4e00-bf23-1bd55aeea77e}">
		<property name="position">
			<value>0.99011299435028244</value>
		</property>
		<property name="value">
			<value>-1</value>
		</property>
	</object>
	<object class="AutomationPoint" id="{49fd4224-3e0a-4f94-b447-a1c98cc0e87e}">
		<property name="position">
			<value>0.5</value>
		</property>
		<property name="value">
			<value>-80</value>
		</property>
		<property name="curveShape">
			<value>-0.434463352</value>
		</property>
	</object>
	<object class="AutomationPoint" id="{05e307e8-b5a7-479c-9f4d-39e7b141f31f}">
		<property name="position">
			<value>0.99293785310734461</value>
		</property>
		<property name="value">
			<value>0</value>
		</property>
	</object>
	<object class="AutomationPoint" id="{36924f6c-785a-4098-ade2-7cea1fe68eda}">
		<property name="position">
			<value>0.0049876412429378531</value>
		</property>
		<property name="value">
			<value>0</value>
		</property>
	</object>
	<object class="AutomationPoint" id="{4006cd31-2bab-4afc-bf70-fc36501807f1}">
		<property name="position">
			<value>0.99086334745762716</value>
		</property>
		<property name="value">
			<value>100</value>
		</property>
	</object>
	<object class="AutomationCurve" id="{301862f2-bde2-4222-a905-5b4ffdd57212}">
		<relationship name="parameter">
			<destination>{17eff89e-d10d-4c0e-9c90-448a0fd1e63f}</destination>
		</relationship>
	</object>
	<object class="AutomationCurve" id="{8db3fcc0-78a2-41c2-86d0-6eb296835549}">
		<relationship name="parameter">
			<destination>{fe5664be-a6a2-4c57-9e8c-d6c575294580}</destination>
		</relationship>
		<relationship name="automationPoints">
			<destination>{a6a5aa86-8550-4c14-8b2b-34e91623e65e}</destination>
			<destination>{c51e57f6-1193-4bd8-8fef-eb3658625080}</destination>
		</relationship>
	</object>
	<object class="AutomationPoint" id="{a6a5aa86-8550-4c14-8b2b-34e91623e65e}">
		<property name="position">
			<value>0</value>
		</property>
		<property name="value">
			<value>22000</value>
		</property>
		<property name="curveShape">
			<value>-0.211551324</value>
		</property>
	</object>
	<object class="AutomationPoint" id="{c51e57f6-1193-4bd8-8fef-eb3658625080}">
		<property name="position">
			<value>0.99615754082612873</value>
		</property>
		<property name="value">
			<value>300</value>
		</property>
	</object>
</objects>
