<?xml version="1.0" encoding="UTF-8"?>
<objects serializationModel="Studio.02.03.00">
	<object class="Event" id="{a21a0c6e-573e-4cb2-af06-eb0ccd8fa5bb}">
		<property name="name">
			<value>pasos</value>
		</property>
		<property name="outputFormat">
			<value>2</value>
		</property>
		<relationship name="folder">
			<destination>{9c882858-f3eb-43cd-965c-992a11c1f23d}</destination>
		</relationship>
		<relationship name="mixer">
			<destination>{5a977c87-4763-4b16-9436-8b0f9fb11414}</destination>
		</relationship>
		<relationship name="masterTrack">
			<destination>{79ffc072-941c-441e-b3b9-cc496a8667ea}</destination>
		</relationship>
		<relationship name="mixerInput">
			<destination>{9ae7f571-7afa-408e-ab25-0c246e348121}</destination>
		</relationship>
		<relationship name="automatableProperties">
			<destination>{53d03a13-6b3a-4cf8-8af2-2a58360fba7c}</destination>
		</relationship>
		<relationship name="markerTracks">
			<destination>{5bf5d18a-5a8e-4517-a8dd-6f35db14ff14}</destination>
		</relationship>
		<relationship name="groupTracks">
			<destination>{02714d40-29dc-4b11-8cc8-be9d47d47ac8}</destination>
		</relationship>
		<relationship name="timeline">
			<destination>{5b5059bc-67aa-4157-9985-0ef1e78273d4}</destination>
		</relationship>
		<relationship name="banks">
			<destination>{145a6fd3-5311-4f5d-94e8-ac059e6005ea}</destination>
		</relationship>
	</object>
	<object class="EventMixer" id="{5a977c87-4763-4b16-9436-8b0f9fb11414}">
		<relationship name="masterBus">
			<destination>{70b438a4-cddf-4db3-a326-b41eed835343}</destination>
		</relationship>
	</object>
	<object class="MasterTrack" id="{79ffc072-941c-441e-b3b9-cc496a8667ea}">
		<relationship name="mixerGroup">
			<destination>{70b438a4-cddf-4db3-a326-b41eed835343}</destination>
		</relationship>
	</object>
	<object class="MixerInput" id="{9ae7f571-7afa-408e-ab25-0c246e348121}">
		<relationship name="effectChain">
			<destination>{08e07c09-c8ed-4082-98e5-4c8e94551c81}</destination>
		</relationship>
		<relationship name="panner">
			<destination>{5c989e65-0994-4ae8-8ccb-097adb16c6f7}</destination>
		</relationship>
		<relationship name="output">
			<destination>{4649ce16-4f7c-46b9-9663-222064e2f3bb}</destination>
		</relationship>
	</object>
	<object class="EventAutomatableProperties" id="{53d03a13-6b3a-4cf8-8af2-2a58360fba7c}" />
	<object class="MarkerTrack" id="{5bf5d18a-5a8e-4517-a8dd-6f35db14ff14}" />
	<object class="GroupTrack" id="{02714d40-29dc-4b11-8cc8-be9d47d47ac8}">
		<relationship name="automationTracks">
			<destination>{15cb9147-6228-470b-8dea-a6800e91777d}</destination>
		</relationship>
		<relationship name="modules">
			<destination>{a49fadba-7860-40ff-b598-be41e95a95b6}</destination>
		</relationship>
		<relationship name="mixerGroup">
			<destination>{08e4aa09-c494-48ed-8f6b-0b911a8bc799}</destination>
		</relationship>
	</object>
	<object class="Timeline" id="{5b5059bc-67aa-4157-9985-0ef1e78273d4}">
		<relationship name="modules">
			<destination>{a49fadba-7860-40ff-b598-be41e95a95b6}</destination>
		</relationship>
		<relationship name="markers">
			<destination>{e006ee98-8e4b-4e27-b642-daaeb86c9006}</destination>
			<destination>{d3b78032-f61e-4a7d-8135-053c8ce34598}</destination>
			<destination>{5c1afcc3-40a7-495f-9f91-d7fd9ae0220a}</destination>
			<destination>{65102cb0-dc2f-41ed-8f8a-96773dc0a2ce}</destination>
		</relationship>
	</object>
	<object class="EventMixerMaster" id="{70b438a4-cddf-4db3-a326-b41eed835343}">
		<relationship name="effectChain">
			<destination>{e2c64665-1320-4731-87c5-be1c5366d3be}</destination>
		</relationship>
		<relationship name="panner">
			<destination>{85b86b24-6af3-4fde-a6c5-035483adc5f6}</destination>
		</relationship>
		<relationship name="mixer">
			<destination>{5a977c87-4763-4b16-9436-8b0f9fb11414}</destination>
		</relationship>
	</object>
	<object class="MixerBusEffectChain" id="{08e07c09-c8ed-4082-98e5-4c8e94551c81}">
		<relationship name="effects">
			<destination>{0f7d5bd5-58f2-4914-800b-f6b7ac672ae5}</destination>
		</relationship>
	</object>
	<object class="MixerBusPanner" id="{5c989e65-0994-4ae8-8ccb-097adb16c6f7}" />
	<object class="AutomationTrack" id="{15cb9147-6228-470b-8dea-a6800e91777d}">
		<relationship name="automator">
			<destination>{196786c3-80df-4885-9da8-ff0846a55ff2}</destination>
		</relationship>
	</object>
	<object class="MultiSound" id="{a49fadba-7860-40ff-b598-be41e95a95b6}">
		<property name="length">
			<value>0.02</value>
		</property>
		<property name="volume">
			<value>10</value>
		</property>
		<relationship name="modulators">
			<destination>{d1da6ca1-08b9-4759-a49a-332146abcca7}</destination>
		</relationship>
		<relationship name="sounds">
			<destination>{e9d153e8-bd9a-4178-9a35-03c73690d02a}</destination>
			<destination>{2e70ca2e-aa24-40e3-84ca-d4378d9d0fbb}</destination>
			<destination>{e61b9fcb-73bd-42c2-a176-20d8b8a95181}</destination>
		</relationship>
		<relationship name="playPercentages">
			<destination>{7a0ec5a9-18f3-4dad-952c-b3cd7c21eb82}</destination>
		</relationship>
	</object>
	<object class="EventMixerGroup" id="{08e4aa09-c494-48ed-8f6b-0b911a8bc799}">
		<property name="name">
			<value>Audio 1</value>
		</property>
		<relationship name="effectChain">
			<destination>{ded9d012-4ab2-4694-8313-6faabd1f2784}</destination>
		</relationship>
		<relationship name="panner">
			<destination>{e1cab8ad-b1fa-4c5b-9c18-4423d436d97e}</destination>
		</relationship>
		<relationship name="output">
			<destination>{70b438a4-cddf-4db3-a326-b41eed835343}</destination>
		</relationship>
	</object>
	<object class="NamedMarker" id="{e006ee98-8e4b-4e27-b642-daaeb86c9006}">
		<property name="position">
			<value>0</value>
		</property>
		<property name="name">
			<value>Marker A</value>
		</property>
		<relationship name="timeline">
			<destination>{5b5059bc-67aa-4157-9985-0ef1e78273d4}</destination>
		</relationship>
		<relationship name="markerTrack">
			<destination>{5bf5d18a-5a8e-4517-a8dd-6f35db14ff14}</destination>
		</relationship>
	</object>
	<object class="TransitionMarker" id="{d3b78032-f61e-4a7d-8135-053c8ce34598}">
		<property name="position">
			<value>0.095000000000000001</value>
		</property>
		<relationship name="timeline">
			<destination>{5b5059bc-67aa-4157-9985-0ef1e78273d4}</destination>
		</relationship>
		<relationship name="markerTrack">
			<destination>{5bf5d18a-5a8e-4517-a8dd-6f35db14ff14}</destination>
		</relationship>
		<relationship name="destination">
			<destination>{e006ee98-8e4b-4e27-b642-daaeb86c9006}</destination>
		</relationship>
		<relationship name="triggerConditions">
			<destination>{ad959e57-d02f-41e0-821a-503110e743e1}</destination>
		</relationship>
	</object>
	<object class="TransitionMarker" id="{5c1afcc3-40a7-495f-9f91-d7fd9ae0220a}">
		<property name="position">
			<value>0.23999999999999999</value>
		</property>
		<relationship name="timeline">
			<destination>{5b5059bc-67aa-4157-9985-0ef1e78273d4}</destination>
		</relationship>
		<relationship name="markerTrack">
			<destination>{5bf5d18a-5a8e-4517-a8dd-6f35db14ff14}</destination>
		</relationship>
		<relationship name="destination">
			<destination>{e006ee98-8e4b-4e27-b642-daaeb86c9006}</destination>
		</relationship>
		<relationship name="triggerConditions">
			<destination>{573a3bc4-ec26-4c45-a1ed-b9e67e282b70}</destination>
		</relationship>
	</object>
	<object class="TransitionMarker" id="{65102cb0-dc2f-41ed-8f8a-96773dc0a2ce}">
		<property name="position">
			<value>0.59999999999999998</value>
		</property>
		<relationship name="timeline">
			<destination>{5b5059bc-67aa-4157-9985-0ef1e78273d4}</destination>
		</relationship>
		<relationship name="markerTrack">
			<destination>{5bf5d18a-5a8e-4517-a8dd-6f35db14ff14}</destination>
		</relationship>
		<relationship name="destination">
			<destination>{e006ee98-8e4b-4e27-b642-daaeb86c9006}</destination>
		</relationship>
		<relationship name="triggerConditions">
			<destination>{e2061fc7-8b7e-44a1-92d0-8d971595aa18}</destination>
		</relationship>
	</object>
	<object class="MixerBusEffectChain" id="{e2c64665-1320-4731-87c5-be1c5366d3be}">
		<relationship name="effects">
			<destination>{ff46fe3b-3a23-40d3-bf52-3662bab642ef}</destination>
			<destination>{72edc3b7-5996-4222-9ae4-d21a4297575e}</destination>
		</relationship>
	</object>
	<object class="MixerBusPanner" id="{85b86b24-6af3-4fde-a6c5-035483adc5f6}" />
	<object class="MixerBusFader" id="{0f7d5bd5-58f2-4914-800b-f6b7ac672ae5}" />
	<object class="RandomizerModulator" id="{d1da6ca1-08b9-4759-a49a-332146abcca7}">
		<property name="nameOfPropertyBeingModulated">
			<value>pitch</value>
		</property>
		<property name="amount">
			<value>4.16666698</value>
		</property>
	</object>
	<object class="SingleSound" id="{e9d153e8-bd9a-4178-9a35-03c73690d02a}">
		<relationship name="audioFile">
			<destination>{7b13fdf5-6555-4a80-a91f-0551f0481e0d}</destination>
		</relationship>
	</object>
	<object class="SingleSound" id="{2e70ca2e-aa24-40e3-84ca-d4378d9d0fbb}">
		<relationship name="audioFile">
			<destination>{3b98572a-dc72-4fa0-bd50-692c36d353f8}</destination>
		</relationship>
	</object>
	<object class="SingleSound" id="{e61b9fcb-73bd-42c2-a176-20d8b8a95181}">
		<relationship name="audioFile">
			<destination>{53046d7b-fadf-46d1-85de-6d4c482e3a34}</destination>
		</relationship>
	</object>
	<object class="PlayPercentage" id="{7a0ec5a9-18f3-4dad-952c-b3cd7c21eb82}">
		<property name="percentage">
			<value>40</value>
		</property>
		<relationship name="sound">
			<destination>{e9d153e8-bd9a-4178-9a35-03c73690d02a}</destination>
		</relationship>
	</object>
	<object class="MixerBusEffectChain" id="{ded9d012-4ab2-4694-8313-6faabd1f2784}">
		<relationship name="effects">
			<destination>{a3a67e8a-3717-4aab-9d54-ba3fb7e469e3}</destination>
			<destination>{42717717-852c-4a83-892d-4dc2ed0e373f}</destination>
		</relationship>
	</object>
	<object class="MixerBusPanner" id="{e1cab8ad-b1fa-4c5b-9c18-4423d436d97e}" />
	<object class="ParameterCondition" id="{ad959e57-d02f-41e0-821a-503110e743e1}">
		<property name="minimum">
			<value>2</value>
		</property>
		<property name="maximum">
			<value>2</value>
		</property>
		<relationship name="parameter">
			<destination>{2fbb8b3d-961a-4a18-90d4-b8f1b99a2088}</destination>
		</relationship>
	</object>
	<object class="ParameterCondition" id="{573a3bc4-ec26-4c45-a1ed-b9e67e282b70}">
		<property name="minimum">
			<value>1</value>
		</property>
		<property name="maximum">
			<value>1</value>
		</property>
		<relationship name="parameter">
			<destination>{2fbb8b3d-961a-4a18-90d4-b8f1b99a2088}</destination>
		</relationship>
	</object>
	<object class="ParameterCondition" id="{e2061fc7-8b7e-44a1-92d0-8d971595aa18}">
		<property name="minimum">
			<value>0</value>
		</property>
		<property name="maximum">
			<value>0</value>
		</property>
		<relationship name="parameter">
			<destination>{2fbb8b3d-961a-4a18-90d4-b8f1b99a2088}</destination>
		</relationship>
	</object>
	<object class="MixerBusFader" id="{ff46fe3b-3a23-40d3-bf52-3662bab642ef}" />
	<object class="SpatialiserEffect" id="{72edc3b7-5996-4222-9ae4-d21a4297575e}" />
	<object class="SFXReverbEffect" id="{a3a67e8a-3717-4aab-9d54-ba3fb7e469e3}">
		<relationship name="automators">
			<destination>{196786c3-80df-4885-9da8-ff0846a55ff2}</destination>
		</relationship>
	</object>
	<object class="MixerBusFader" id="{42717717-852c-4a83-892d-4dc2ed0e373f}" />
	<object class="Automator" id="{196786c3-80df-4885-9da8-ff0846a55ff2}">
		<property name="nameOfPropertyBeingAutomated">
			<value>wetLevel</value>
		</property>
		<relationship name="automationCurves">
			<destination>{ded9d64c-e731-4bbe-8169-941dc2d1e053}</destination>
		</relationship>
	</object>
	<object class="AutomationCurve" id="{ded9d64c-e731-4bbe-8169-941dc2d1e053}">
		<relationship name="parameter">
			<destination>{90090e30-fb81-48e6-9f0b-1a752f9027b5}</destination>
		</relationship>
		<relationship name="automationPoints">
			<destination>{f274e2b0-86fa-4940-ad29-e5003bbc1df0}</destination>
			<destination>{53592a42-30d6-405a-ba7b-f023d3a6959f}</destination>
			<destination>{9f62075d-7fff-44b4-814f-5b3047ec2c67}</destination>
		</relationship>
	</object>
	<object class="AutomationPoint" id="{f274e2b0-86fa-4940-ad29-e5003bbc1df0}">
		<property name="position">
			<value>0.0014124293785310734</value>
		</property>
		<property name="value">
			<value>-80</value>
		</property>
	</object>
	<object class="AutomationPoint" id="{53592a42-30d6-405a-ba7b-f023d3a6959f}">
		<property name="position">
			<value>0</value>
		</property>
		<property name="value">
			<value>-80</value>
		</property>
	</object>
	<object class="AutomationPoint" id="{9f62075d-7fff-44b4-814f-5b3047ec2c67}">
		<property name="position">
			<value>1</value>
		</property>
		<property name="value">
			<value>0</value>
		</property>
	</object>
</objects>
